{"cameraMode":{"drawMode":0,"name":"Shaded","section":"Shading Mode"},"sceneLighting":false,"audioPlay":false,"sceneViewState":{"m_AlwaysRefresh":false,"showFog":true,"showSkybox":false,"showFlares":true,"showImageEffects":true,"showParticleSystems":true,"showVisualEffectGraphs":true,"m_FxEnabled":true},"in2DMode":false,"pivot":{"x":-0.025961637496948243,"y":0.45993030071258547,"z":0.10106289386749268},"rotation":{"x":-0.09286559373140335,"y":0.8982393145561218,"z":-0.2298361212015152,"w":-0.3629315495491028},"size":0.6923955678939819,"orthographic":false}